airline,date_of_journey,source,destination,dep_time,arrival_time,duration,total_stops,additional_info,price
Air India,2019-03-06,Delhi,Cochin,12:30:00,09:25:00,1255,1.0,No Info,13832
Jet Airways,2019-06-06,Delhi,Cochin,15:00:00,04:25:00,805,1.0,In-flight meal not included,10262
Air India,2019-05-09,Kolkata,Banglore,16:50:00,07:55:00,905,1.0,No Info,8366
Jet Airways,2019-03-21,Banglore,New Delhi,09:45:00,15:55:00,370,1.0,In-flight meal not included,7280
Spicejet,2019-06-21,Chennai,Kolkata,17:45:00,20:05:00,140,0.0,No check-in baggage included,3543
Air Asia,2019-06-06,Kolkata,Banglore,06:50:00,10:30:00,220,1.0,No Info,6857
Jet Airways,2019-05-06,Kolkata,Banglore,06:30:00,10:05:00,1655,1.0,In-flight meal not included,8586
Indigo,2019-03-01,Chennai,Kolkata,07:55:00,10:15:00,140,0.0,No Info,8580
Air India,2019-06-09,Delhi,Cochin,21:00:00,07:40:00,640,1.0,No Info,8372
Jet Airways,2019-06-24,Delhi,Cochin,14:35:00,12:35:00,1320,2.0,No Info,13376
Indigo,2019-05-09,Delhi,Cochin,06:50:00,12:10:00,320,1.0,No Info,5298
Jet Airways,2019-05-27,Delhi,Cochin,15:00:00,19:00:00,1680,1.0,In-flight meal not included,12898
Jet Airways,2019-06-12,Banglore,Delhi,08:20:00,11:20:00,180,0.0,In-flight meal not included,5769
Air India,2019-06-12,Kolkata,Banglore,20:30:00,13:45:00,1035,2.0,No Info,12224
Indigo,2019-06-06,Kolkata,Banglore,15:15:00,17:45:00,150,0.0,No Info,4804
Spicejet,2019-05-21,Mumbai,Hyderabad,13:15:00,14:45:00,90,0.0,No check-in baggage included,1965
Jet Airways,2019-06-15,Delhi,Cochin,14:00:00,04:25:00,865,1.0,In-flight meal not included,10262
Multiple Carriers,2019-06-09,Delhi,Cochin,10:00:00,21:00:00,660,1.0,No Info,7408
Vistara,2019-05-15,Banglore,Delhi,19:30:00,22:15:00,165,0.0,No Info,4878
Vistara,2019-05-06,Banglore,Delhi,11:30:00,14:20:00,170,0.0,No Info,4668
Jet Airways,2019-03-06,Delhi,Cochin,16:00:00,04:25:00,745,1.0,No Info,15764
Air India,2019-05-24,Banglore,Delhi,17:00:00,19:45:00,165,0.0,No Info,7171
Air Asia,2019-04-27,Banglore,Delhi,23:55:00,02:45:00,170,0.0,No Info,3383
Jet Airways,2019-06-21,Banglore,Delhi,06:00:00,08:45:00,165,0.0,No Info,8016
Indigo,2019-03-21,Chennai,Kolkata,05:15:00,07:35:00,140,0.0,No Info,4326
Jet Airways,2019-05-09,Delhi,Cochin,17:30:00,19:00:00,1530,1.0,No Info,15554
Air India,2019-06-01,Delhi,Cochin,12:00:00,07:40:00,1180,2.0,No Info,10966
Vistara,2019-03-24,Kolkata,Banglore,20:20:00,18:45:00,1345,1.0,No Info,12102
Multiple Carriers,2019-06-27,Delhi,Cochin,09:00:00,21:00:00,720,1.0,No Info,7408
Air India,2019-05-12,Banglore,Delhi,13:20:00,16:10:00,170,0.0,No Info,6121
Multiple Carriers,2019-03-27,Delhi,Cochin,09:00:00,18:50:00,590,1.0,No Info,11667
Air India,2019-03-24,Delhi,Cochin,04:00:00,07:40:00,1660,1.0,No Info,8635
Indigo,2019-03-01,Mumbai,Hyderabad,16:55:00,18:25:00,90,0.0,No Info,8853
Multiple Carriers,2019-03-06,Delhi,Cochin,02:15:00,15:30:00,795,1.0,No Info,17057
Jet Airways,2019-03-24,Kolkata,Banglore,16:55:00,22:35:00,340,1.0,In-flight meal not included,11134
Spicejet,2019-03-24,Banglore,New Delhi,09:35:00,12:30:00,175,0.0,No Info,4377
Indigo,2019-06-24,Delhi,Cochin,05:35:00,08:50:00,195,0.0,No Info,5000
Jet Airways,2019-04-01,Mumbai,Hyderabad,07:05:00,08:30:00,85,0.0,No Info,8040
Air Asia,2019-03-01,Kolkata,Banglore,10:20:00,12:55:00,155,0.0,No Info,5620
Jet Airways,2019-03-12,Banglore,New Delhi,20:35:00,23:00:00,1585,1.0,In-flight meal not included,11087
Jet Airways,2019-06-09,Kolkata,Banglore,20:00:00,16:20:00,1220,1.0,No Info,14571
Jet Airways,2019-06-09,Kolkata,Banglore,14:05:00,23:35:00,570,1.0,No Info,14571
Multiple Carriers,2019-03-27,Delhi,Cochin,10:45:00,18:50:00,485,1.0,No Info,11622
Indigo,2019-03-06,Delhi,Cochin,07:30:00,21:00:00,810,1.0,No Info,14871
Indigo,2019-03-27,Delhi,Cochin,06:40:00,16:10:00,570,1.0,No Info,6442
Air India,2019-06-27,Delhi,Cochin,07:05:00,09:25:00,1580,2.0,No Info,10975
Air India,2019-06-18,Banglore,Delhi,10:00:00,12:45:00,165,0.0,No Info,6961
Indigo,2019-05-18,Delhi,Cochin,07:35:00,16:10:00,515,1.0,No Info,6442
Jet Airways,2019-05-01,Kolkata,Banglore,18:55:00,10:05:00,910,1.0,No Info,13941
Air India,2019-05-12,Chennai,Kolkata,11:40:00,13:55:00,135,0.0,No Info,4667
Multiple Carriers,2019-06-15,Delhi,Cochin,11:30:00,21:00:00,570,1.0,No Info,13587
Multiple Carriers,2019-06-27,Delhi,Cochin,17:45:00,01:30:00,465,1.0,In-flight meal not included,5797
Jet Airways,2019-05-21,Delhi,Cochin,16:00:00,19:00:00,1620,1.0,No Info,16079
Indigo,2019-06-15,Chennai,Kolkata,22:05:00,00:25:00,140,0.0,No Info,5277
Air India,2019-04-01,Delhi,Cochin,05:10:00,08:00:00,170,0.0,No Info,4729
Air India,2019-03-06,Delhi,Cochin,17:40:00,08:15:00,875,1.0,No Info,11038
Jet Airways,2019-06-24,Delhi,Cochin,05:30:00,19:00:00,810,2.0,No Info,13292
Indigo,2019-04-15,Kolkata,Banglore,20:20:00,22:55:00,155,0.0,No Info,4174
Jet Airways,2019-06-12,Delhi,Cochin,05:30:00,12:35:00,425,2.0,No Info,14441
Jet Airways,2019-03-06,Banglore,New Delhi,16:55:00,10:25:00,1050,1.0,No Info,17261
Jet Airways,2019-06-09,Delhi,Cochin,15:00:00,19:00:00,1680,1.0,In-flight meal not included,10262
Jet Airways,2019-06-03,Banglore,Delhi,19:50:00,22:50:00,180,0.0,In-flight meal not included,6478
Jet Airways,2019-05-09,Kolkata,Banglore,06:30:00,04:40:00,1330,1.0,In-flight meal not included,8586
Indigo,2019-03-24,Banglore,New Delhi,01:30:00,04:15:00,165,0.0,No Info,4238
Indigo,2019-03-06,Delhi,Cochin,05:05:00,10:05:00,300,1.0,No Info,7894
Spicejet,2019-05-27,Chennai,Kolkata,08:20:00,10:35:00,135,0.0,No Info,3597
Jet Airways,2019-05-09,Kolkata,Banglore,16:30:00,18:15:00,1545,1.0,In-flight meal not included,8586
Jet Airways,2019-06-01,Delhi,Cochin,07:05:00,19:00:00,715,1.0,In-flight meal not included,15190
Air India,2019-03-12,Banglore,New Delhi,17:25:00,18:05:00,1480,3.0,No Info,13387
Spicejet,2019-04-21,Delhi,Cochin,08:45:00,13:15:00,270,1.0,No Info,6460
Multiple Carriers,2019-03-06,Delhi,Cochin,09:55:00,19:15:00,560,1.0,In-flight meal not included,15342
Indigo,2019-03-21,Delhi,Cochin,07:35:00,21:20:00,825,2.0,No Info,6494
Indigo,2019-05-03,Banglore,Delhi,08:30:00,11:20:00,170,0.0,No Info,4823
Jet Airways,2019-05-27,Delhi,Cochin,11:30:00,19:00:00,450,1.0,No Info,16079
Multiple Carriers,2019-06-24,Delhi,Cochin,09:15:00,19:15:00,600,1.0,No Info,8099
Jet Airways,2019-06-12,Kolkata,Banglore,06:30:00,19:50:00,800,1.0,No Info,13626
Indigo,2019-04-18,Banglore,Delhi,00:30:00,03:25:00,175,0.0,No Info,4423
Air Asia,2019-05-06,Banglore,Delhi,23:55:00,02:45:00,170,0.0,No Info,3383
Air India,2019-06-12,Banglore,Delhi,13:20:00,16:10:00,170,0.0,No Info,6961
Indigo,2019-03-09,Delhi,Cochin,16:00:00,21:00:00,300,1.0,No Info,7725
Jet Airways,2019-05-27,Delhi,Cochin,18:15:00,19:00:00,1485,1.0,No Info,16079
Jet Airways,2019-05-06,Kolkata,Banglore,06:30:00,19:50:00,800,1.0,No Info,14781
Indigo,2019-05-09,Delhi,Cochin,05:35:00,08:50:00,195,0.0,No Info,5000
Air India,2019-05-12,Kolkata,Banglore,09:10:00,13:15:00,245,1.0,No Info,8996
Jet Airways,2019-06-03,Delhi,Cochin,11:40:00,19:00:00,440,2.0,In-flight meal not included,15812
Air Asia,2019-06-21,Banglore,Delhi,23:55:00,02:45:00,170,0.0,No Info,3383
Spicejet,2019-05-03,Mumbai,Hyderabad,22:45:00,00:15:00,90,0.0,No Info,2227
Air India,2019-06-15,Delhi,Cochin,12:55:00,19:15:00,1820,2.0,No Info,12646
Jet Airways,2019-05-12,Kolkata,Banglore,20:25:00,23:35:00,1630,1.0,In-flight meal not included,8066
Vistara,2019-06-09,Kolkata,Banglore,20:20:00,23:25:00,1625,1.0,No Info,8085
Air India,2019-05-21,Delhi,Cochin,08:00:00,19:15:00,675,1.0,No Info,8372
Jet Airways,2019-05-06,Kolkata,Banglore,21:10:00,09:20:00,730,1.0,In-flight meal not included,9663
Jet Airways,2019-05-01,Kolkata,Banglore,20:25:00,09:45:00,800,1.0,No Info,11467
Multiple Carriers,2019-03-27,Delhi,Cochin,08:55:00,21:00:00,725,1.0,No Info,8055
Multiple Carriers,2019-03-06,Delhi,Cochin,10:00:00,18:50:00,530,1.0,No Info,16497
Air India,2019-05-21,Delhi,Cochin,18:45:00,19:15:00,1470,2.0,No Info,12257
Air India,2019-05-09,Delhi,Cochin,12:00:00,07:40:00,1180,2.0,No Info,9968
Jet Airways,2019-03-09,Delhi,Cochin,05:40:00,04:25:00,1365,2.0,No Info,14861
Jet Airways,2019-03-18,Banglore,New Delhi,21:25:00,09:00:00,695,1.0,No Info,13555
Jet Airways,2019-06-24,Delhi,Cochin,19:15:00,19:00:00,1425,1.0,In-flight meal not included,10262
Jet Airways,2019-05-18,Kolkata,Banglore,14:05:00,23:35:00,570,1.0,In-flight meal not included,10844
Jet Airways,2019-03-06,Delhi,Cochin,18:15:00,19:45:00,1530,1.0,No Info,17024
Jet Airways,2019-05-15,Banglore,Delhi,06:00:00,08:45:00,165,0.0,In-flight meal not included,4030
Jet Airways,2019-05-15,Kolkata,Banglore,09:35:00,19:10:00,575,1.0,No Info,13067
Indigo,2019-06-24,Kolkata,Banglore,14:25:00,16:55:00,150,0.0,No Info,4804
Indigo,2019-03-27,Delhi,Cochin,02:00:00,07:45:00,345,1.0,No Info,5733
Jet Airways,2019-06-09,Kolkata,Banglore,14:05:00,22:35:00,510,1.0,In-flight meal not included,10844
Multiple Carriers,2019-03-21,Delhi,Cochin,13:00:00,21:00:00,480,1.0,No Info,7618
Air India,2019-05-09,Banglore,Delhi,10:00:00,12:45:00,165,0.0,No Info,5228
Jet Airways,2019-03-09,Banglore,New Delhi,08:00:00,10:25:00,1585,1.0,In-flight meal not included,11087
Indigo,2019-06-15,Delhi,Cochin,14:20:00,22:30:00,490,1.0,No Info,6412
Jet Airways,2019-04-21,Banglore,Delhi,15:15:00,18:10:00,175,0.0,In-flight meal not included,4544
Spicejet,2019-04-15,Delhi,Cochin,15:45:00,22:05:00,380,1.0,No Info,5899
Jet Airways,2019-06-03,Delhi,Cochin,02:15:00,12:35:00,620,1.0,No Info,14714
Jet Airways,2019-03-15,Mumbai,Hyderabad,15:50:00,17:20:00,90,0.0,In-flight meal not included,2470
Jet Airways,2019-05-24,Kolkata,Banglore,20:00:00,20:45:00,1485,1.0,In-flight meal not included,10844
Jet Airways,2019-06-15,Delhi,Cochin,10:00:00,04:25:00,1105,1.0,In-flight meal not included,10262
Air India,2019-06-09,Kolkata,Banglore,07:00:00,05:25:00,1345,2.0,No Info,12534
Jet Airways,2019-05-01,Kolkata,Banglore,20:00:00,04:40:00,520,1.0,No Info,13941
Spicejet,2019-06-24,Mumbai,Hyderabad,13:15:00,14:45:00,90,0.0,No check-in baggage included,1965
Indigo,2019-05-21,Kolkata,Banglore,17:15:00,19:50:00,155,0.0,No Info,4804
Air India,2019-05-15,Delhi,Cochin,06:50:00,07:40:00,1490,2.0,No Info,14431
Vistara,2019-05-24,Kolkata,Banglore,17:00:00,20:20:00,1640,1.0,No Info,9870
Jet Airways,2019-05-12,Kolkata,Banglore,09:35:00,18:00:00,505,1.0,No Info,14151
Indigo,2019-03-21,Delhi,Cochin,10:45:00,21:00:00,615,1.0,No Info,6838
Jet Airways,2019-06-03,Delhi,Cochin,14:00:00,04:25:00,865,1.0,No Info,14714
Multiple Carriers,2019-06-09,Delhi,Cochin,17:50:00,01:30:00,460,2.0,No Info,18485
Multiple Carriers,2019-06-03,Delhi,Cochin,08:00:00,19:00:00,660,1.0,No Info,12402
Indigo,2019-06-01,Banglore,Delhi,04:00:00,06:50:00,170,0.0,No Info,3943
Air India,2019-06-27,Delhi,Cochin,12:55:00,19:15:00,1820,2.0,No Info,12646
Indigo,2019-03-03,Delhi,Cochin,08:25:00,15:30:00,425,1.0,No Info,14871
Multiple Carriers,2019-05-15,Delhi,Cochin,10:35:00,19:00:00,505,1.0,No Info,9103
Vistara,2019-04-01,Delhi,Cochin,14:40:00,17:50:00,190,0.0,No Info,4851
Spicejet,2019-06-06,Banglore,Delhi,05:55:00,08:35:00,160,0.0,No Info,3625
Spicejet,2019-05-12,Mumbai,Hyderabad,22:45:00,00:15:00,90,0.0,No Info,2017
Multiple Carriers,2019-06-09,Delhi,Cochin,03:50:00,19:00:00,910,1.0,No Info,12192
Air India,2019-03-09,Delhi,Cochin,17:20:00,09:25:00,965,1.0,No Info,12415
Vistara,2019-05-06,Chennai,Kolkata,17:45:00,20:05:00,140,0.0,No Info,11982
Air Asia,2019-06-06,Kolkata,Banglore,19:55:00,22:25:00,150,0.0,No Info,4508
Air India,2019-03-01,Banglore,New Delhi,21:10:00,23:55:00,165,0.0,No Info,25703
Indigo,2019-06-06,Kolkata,Banglore,04:40:00,07:15:00,155,0.0,No Info,4804
Air India,2019-03-03,Delhi,Cochin,04:00:00,07:40:00,1660,1.0,No Info,14462
Indigo,2019-05-03,Chennai,Kolkata,19:35:00,21:55:00,140,0.0,No Info,3597
Indigo,2019-03-27,Delhi,Cochin,02:05:00,07:25:00,320,1.0,No Info,4744
Air India,2019-05-06,Kolkata,Banglore,09:50:00,23:15:00,805,2.0,No Info,14120
Indigo,2019-06-01,Delhi,Cochin,23:30:00,04:35:00,305,1.0,No Info,10112
Indigo,2019-03-24,Banglore,New Delhi,00:40:00,03:25:00,165,0.0,No Info,4777
Indigo,2019-03-15,Chennai,Kolkata,13:20:00,15:35:00,135,0.0,No Info,6297
Indigo,2019-05-18,Mumbai,Hyderabad,19:05:00,20:35:00,90,0.0,No Info,2754
Jet Airways,2019-06-27,Delhi,Cochin,08:00:00,19:00:00,660,1.0,In-flight meal not included,10262
Jet Airways,2019-04-09,Banglore,Delhi,15:50:00,18:45:00,175,0.0,In-flight meal not included,4544
Indigo,2019-04-27,Banglore,Delhi,10:10:00,13:00:00,170,0.0,No Info,4423
Jet Airways,2019-03-03,Delhi,Cochin,05:40:00,04:25:00,1365,2.0,No Info,19266
Spicejet,2019-06-21,Mumbai,Hyderabad,05:45:00,07:15:00,90,0.0,No Info,2753
Jet Airways,2019-05-27,Banglore,Delhi,17:45:00,20:45:00,180,0.0,No Info,7229
Jet Airways,2019-03-09,Delhi,Cochin,18:15:00,04:25:00,610,1.0,In-flight meal not included,14053
Jet Airways,2019-04-01,Kolkata,Banglore,16:30:00,16:20:00,1430,1.0,In-flight meal not included,7064
Jet Airways,2019-05-15,Kolkata,Banglore,20:25:00,09:45:00,800,1.0,In-flight meal not included,12384
Indigo,2019-04-01,Mumbai,Hyderabad,16:55:00,18:25:00,90,0.0,No Info,3175
Air India,2019-03-12,Banglore,New Delhi,00:30:00,08:45:00,495,1.0,No Info,13492
Spicejet,2019-06-09,Chennai,Kolkata,08:20:00,10:35:00,135,0.0,No check-in baggage included,3543
Vistara,2019-03-06,Mumbai,Hyderabad,08:45:00,09:25:00,1480,1.0,No Info,12395
Vistara,2019-05-15,Kolkata,Banglore,07:10:00,20:20:00,790,1.0,No Info,8610
Air India,2019-03-09,Banglore,New Delhi,17:00:00,19:50:00,170,0.0,No Info,9481
Vistara,2019-05-21,Kolkata,Banglore,07:10:00,20:20:00,790,1.0,No Info,9345
Jet Airways,2019-06-27,Delhi,Cochin,02:15:00,12:35:00,620,1.0,No Info,18371
Indigo,2019-04-24,Kolkata,Banglore,11:30:00,14:05:00,155,0.0,No Info,4804
Jet Airways,2019-03-06,Delhi,Cochin,11:30:00,18:50:00,440,1.0,In-flight meal not included,15400
Jet Airways,2019-05-12,Kolkata,Banglore,18:55:00,08:15:00,800,1.0,In-flight meal not included,9663
Jet Airways,2019-05-09,Kolkata,Banglore,09:35:00,14:25:00,1730,1.0,In-flight meal not included,9314
Multiple Carriers,2019-05-18,Delhi,Cochin,03:50:00,12:35:00,525,1.0,No Info,10197
Multiple Carriers,2019-03-27,Delhi,Cochin,09:00:00,15:30:00,390,1.0,No Info,6673
Jet Airways,2019-06-03,Delhi,Cochin,16:00:00,12:35:00,1235,1.0,In-flight meal not included,10262
Spicejet,2019-04-24,Delhi,Cochin,17:55:00,22:50:00,295,1.0,No Info,4957
Spicejet,2019-06-18,Chennai,Kolkata,17:45:00,20:05:00,140,0.0,No check-in baggage included,3543
Jet Airways,2019-06-06,Banglore,Delhi,06:00:00,08:45:00,165,0.0,No Info,8016
Multiple Carriers,2019-06-12,Delhi,Cochin,14:00:00,01:30:00,690,1.0,No Info,13377
Jet Airways,2019-05-09,Kolkata,Banglore,08:25:00,12:00:00,1655,1.0,In-flight meal not included,9663
Jet Airways,2019-05-01,Kolkata,Banglore,21:10:00,09:20:00,730,1.0,No Info,14781
Air Asia,2019-05-09,Kolkata,Banglore,22:50:00,01:20:00,150,0.0,No Info,3807
Jet Airways,2019-05-06,Kolkata,Banglore,20:25:00,22:05:00,1540,1.0,In-flight meal not included,9314
Jet Airways,2019-05-03,Banglore,Delhi,08:20:00,11:20:00,180,0.0,In-flight meal not included,5198
Air India,2019-06-03,Delhi,Cochin,16:55:00,19:15:00,1580,2.0,No Info,13381
Air India,2019-03-21,Delhi,Cochin,06:50:00,19:15:00,2185,2.0,No Info,10756
Indigo,2019-06-12,Chennai,Kolkata,22:05:00,00:25:00,140,0.0,No Info,5277
Indigo,2019-05-12,Chennai,Kolkata,13:15:00,15:35:00,140,0.0,No Info,3597
Indigo,2019-06-18,Banglore,Delhi,04:00:00,06:50:00,170,0.0,No Info,3943
Jet Airways,2019-03-01,Banglore,New Delhi,14:05:00,08:15:00,1090,1.0,No Info,22270
Multiple Carriers,2019-06-03,Delhi,Cochin,15:15:00,01:30:00,615,1.0,No Info,6795
Air India,2019-05-21,Delhi,Cochin,18:05:00,21:10:00,185,0.0,No Info,6094
Indigo,2019-05-15,Delhi,Cochin,14:20:00,22:30:00,490,1.0,No Info,6412
Jet Airways,2019-03-21,Delhi,Cochin,10:20:00,04:25:00,2525,2.0,No Info,11664
Jet Airways,2019-06-06,Delhi,Cochin,14:35:00,04:25:00,830,2.0,No Info,13376
Jet Airways,2019-06-15,Banglore,Delhi,08:20:00,11:20:00,180,0.0,No Info,8016
Jet Airways,2019-03-27,Delhi,Cochin,09:55:00,04:25:00,1110,1.0,No Info,12242
Indigo,2019-06-21,Mumbai,Hyderabad,06:25:00,07:55:00,90,0.0,No Info,4049
Goair,2019-04-09,Banglore,Delhi,20:55:00,23:40:00,165,0.0,No Info,4239
Spicejet,2019-04-15,Kolkata,Banglore,06:55:00,09:30:00,155,0.0,No check-in baggage included,3841
Indigo,2019-05-21,Delhi,Cochin,09:15:00,21:00:00,705,1.0,No Info,7318
Indigo,2019-06-03,Kolkata,Banglore,20:25:00,23:10:00,165,0.0,No Info,4804
Indigo,2019-06-12,Banglore,Delhi,13:00:00,15:50:00,170,0.0,No Info,3943
Jet Airways,2019-05-24,Kolkata,Banglore,09:35:00,18:00:00,505,1.0,No Info,14151
Air Asia,2019-03-01,Banglore,New Delhi,23:25:00,02:10:00,165,0.0,Red-eye flight,10873
Air India,2019-03-09,Banglore,New Delhi,05:50:00,22:45:00,1015,1.0,No Info,10657
Indigo,2019-03-09,Chennai,Kolkata,19:35:00,21:55:00,140,0.0,No Info,6297
Jet Airways,2019-03-12,Mumbai,Hyderabad,06:30:00,16:35:00,605,2.0,No Info,23528
Jet Airways,2019-05-01,Kolkata,Banglore,18:55:00,08:15:00,800,1.0,In-flight meal not included,8586
Multiple Carriers,2019-04-09,Delhi,Cochin,10:35:00,19:15:00,520,1.0,No Info,6106
Vistara,2019-05-09,Kolkata,Banglore,07:10:00,22:40:00,930,1.0,No Info,7927
Jet Airways,2019-06-12,Kolkata,Banglore,18:55:00,16:20:00,1285,1.0,No Info,13044
Indigo,2019-03-09,Chennai,Kolkata,05:15:00,07:35:00,140,0.0,No Info,6482
Jet Airways,2019-03-24,Mumbai,Hyderabad,10:20:00,11:50:00,90,0.0,In-flight meal not included,2759
Goair,2019-03-27,Delhi,Cochin,07:00:00,12:50:00,350,1.0,No Info,5281
Air India,2019-05-18,Delhi,Cochin,12:30:00,09:25:00,1255,1.0,No Info,7480
Multiple Carriers,2019-06-01,Delhi,Cochin,11:25:00,19:00:00,455,1.0,No Info,11200
Jet Airways,2019-03-12,Banglore,New Delhi,18:55:00,08:15:00,800,1.0,No Info,13817
Multiple Carriers ,2019-03-21,Delhi,Cochin,08:55:00,21:00:00,725,1.0,No Info,9845
Jet Airways,2019-05-09,Delhi,Cochin,09:40:00,19:00:00,560,2.0,No Info,15129
Air India,2019-04-27,Kolkata,Banglore,20:45:00,23:20:00,155,0.0,No Info,4145
Indigo,2019-04-12,Banglore,Delhi,18:25:00,21:20:00,175,0.0,No Info,4990
Goair,2019-05-27,Delhi,Cochin,07:00:00,12:55:00,355,1.0,No Info,5752
Air India,2019-05-01,Kolkata,Banglore,09:25:00,13:45:00,1700,2.0,No Info,16372
Multiple Carriers,2019-05-18,Delhi,Cochin,07:00:00,21:00:00,840,1.0,No Info,8073
Jet Airways,2019-05-21,Kolkata,Banglore,21:10:00,08:15:00,665,1.0,No Info,14781
Air India,2019-05-24,Kolkata,Banglore,20:45:00,23:20:00,155,0.0,No Info,4145
Indigo,2019-04-21,Kolkata,Banglore,15:15:00,17:45:00,150,0.0,No Info,5224
Jet Airways,2019-05-09,Kolkata,Banglore,21:10:00,08:15:00,665,1.0,In-flight meal not included,9663
Indigo,2019-03-09,Kolkata,Banglore,21:25:00,00:05:00,160,0.0,No Info,4148
Goair,2019-03-03,Banglore,New Delhi,15:45:00,20:15:00,270,1.0,No Info,8352
Air India,2019-06-09,Delhi,Cochin,14:10:00,17:10:00,180,0.0,No Info,6094
Jet Airways,2019-03-18,Banglore,New Delhi,11:40:00,09:00:00,1280,1.0,In-flight meal not included,11087
Spicejet,2019-03-27,Delhi,Cochin,08:45:00,13:15:00,270,1.0,No check-in baggage included,4414
Air India,2019-06-09,Kolkata,Banglore,20:30:00,20:25:00,1435,1.0,No Info,10203
Jet Airways,2019-04-01,Kolkata,Banglore,08:25:00,20:45:00,740,1.0,No Info,12681
Jet Airways,2019-03-21,Mumbai,Hyderabad,10:20:00,11:50:00,90,0.0,No Info,8040
Indigo,2019-05-15,Chennai,Kolkata,19:35:00,21:55:00,140,0.0,No Info,3597
Air India,2019-04-15,Banglore,Delhi,21:05:00,23:55:00,170,0.0,No Info,5228
Air India,2019-06-12,Delhi,Cochin,14:25:00,19:15:00,1730,2.0,No Info,13381
Indigo,2019-06-12,Kolkata,Banglore,09:20:00,14:15:00,295,1.0,No Info,11160
Jet Airways,2019-05-03,Banglore,Delhi,11:10:00,14:05:00,175,0.0,In-flight meal not included,4030
Jet Airways,2019-05-01,Kolkata,Banglore,16:30:00,10:05:00,1055,1.0,In-flight meal not included,8586
Indigo,2019-05-21,Kolkata,Banglore,19:20:00,23:45:00,265,1.0,No Info,3574
Jet Airways,2019-05-06,Kolkata,Banglore,20:25:00,22:05:00,1540,1.0,No Info,11467
Air India,2019-05-06,Kolkata,Banglore,09:25:00,07:55:00,1350,1.0,No Info,8366
Spicejet,2019-06-27,Delhi,Cochin,17:55:00,22:50:00,295,1.0,No Info,4957
Vistara,2019-04-12,Banglore,Delhi,09:45:00,12:35:00,170,0.0,No Info,5403
Spicejet,2019-06-12,Kolkata,Banglore,17:10:00,19:40:00,150,0.0,No Info,4174
Multiple Carriers,2019-05-09,Delhi,Cochin,18:15:00,01:30:00,435,1.0,No Info,15078
Jet Airways,2019-05-24,Kolkata,Banglore,14:05:00,22:35:00,510,1.0,No Info,14571
Spicejet,2019-05-09,Kolkata,Banglore,17:10:00,19:40:00,150,0.0,No check-in baggage included,3841
Spicejet,2019-04-09,Kolkata,Banglore,22:20:00,00:40:00,140,0.0,No check-in baggage included,3841
Jet Airways,2019-05-24,Kolkata,Banglore,06:30:00,12:00:00,330,1.0,No Info,14178
Indigo,2019-06-03,Delhi,Cochin,05:10:00,10:05:00,295,1.0,No Info,6842
Indigo,2019-03-24,Kolkata,Banglore,14:20:00,16:55:00,155,0.0,No Info,5618
Jet Airways,2019-06-06,Mumbai,Hyderabad,19:35:00,21:05:00,90,0.0,In-flight meal not included,3210
Jet Airways,2019-05-15,Kolkata,Banglore,09:35:00,21:05:00,690,1.0,In-flight meal not included,10703
Indigo,2019-03-12,Kolkata,Banglore,20:25:00,23:05:00,160,0.0,No Info,4148
Jet Airways,2019-05-01,Kolkata,Banglore,21:10:00,10:05:00,775,1.0,In-flight meal not included,10844
Vistara,2019-05-24,Kolkata,Banglore,17:00:00,09:05:00,965,1.0,No Info,10027
Jet Airways,2019-06-12,Delhi,Cochin,21:50:00,12:35:00,885,1.0,In-flight meal not included,10262
Air India,2019-06-06,Kolkata,Banglore,14:30:00,23:15:00,525,2.0,No Info,15894
Air India,2019-06-01,Delhi,Cochin,05:15:00,07:40:00,1585,3.0,No Info,12383
Air India,2019-04-01,Kolkata,Banglore,09:25:00,05:25:00,1200,2.0,No Info,12219
Jet Airways,2019-05-12,Delhi,Cochin,11:00:00,14:15:00,195,0.0,No Info,9564
Spicejet,2019-05-15,Kolkata,Banglore,06:55:00,09:30:00,155,0.0,No Info,3873
Air India,2019-03-03,Delhi,Cochin,19:45:00,19:15:00,1410,2.0,No Info,12856
Air India,2019-06-09,Delhi,Cochin,20:15:00,19:15:00,1380,2.0,No Info,13381
Indigo,2019-06-12,Kolkata,Banglore,08:10:00,13:00:00,290,1.0,No Info,5069
Jet Airways,2019-05-24,Delhi,Cochin,23:05:00,04:25:00,1760,2.0,No Info,16704
Multiple Carriers,2019-06-06,Delhi,Cochin,11:40:00,01:30:00,830,1.0,No Info,6795
Jet Airways,2019-03-21,Delhi,Cochin,19:45:00,04:25:00,520,1.0,In-flight meal not included,5963
Jet Airways,2019-06-09,Kolkata,Banglore,06:30:00,16:20:00,590,1.0,No Info,14571
Jet Airways,2019-06-15,Delhi,Cochin,19:45:00,12:35:00,1010,1.0,In-flight meal not included,10262
Multiple Carriers,2019-06-27,Delhi,Cochin,04:55:00,19:15:00,860,1.0,No Info,7155
Indigo,2019-03-01,Banglore,New Delhi,20:00:00,22:55:00,175,0.0,No Info,14306
Jet Airways,2019-04-01,Kolkata,Banglore,14:05:00,23:35:00,570,1.0,No Info,13364
Air India,2019-05-18,Kolkata,Banglore,17:30:00,20:25:00,1615,1.0,No Info,10623
Jet Airways,2019-05-01,Kolkata,Banglore,14:05:00,04:40:00,875,1.0,No Info,13941
Jet Airways,2019-03-27,Delhi,Cochin,19:10:00,04:25:00,1995,2.0,No Info,10929
Jet Airways,2019-06-03,Delhi,Cochin,16:00:00,04:25:00,745,1.0,In-flight meal not included,10262
Multiple Carriers,2019-06-27,Delhi,Cochin,13:00:00,21:00:00,480,1.0,No Info,7408
Indigo,2019-04-24,Kolkata,Banglore,20:20:00,22:55:00,155,0.0,No Info,4804
Indigo,2019-03-27,Kolkata,Banglore,22:10:00,00:55:00,165,0.0,No Info,4148
Jet Airways,2019-03-01,Banglore,New Delhi,08:00:00,08:15:00,1455,1.0,No Info,22270
Air India,2019-06-06,Delhi,Cochin,12:00:00,07:40:00,1180,2.0,No Info,8603
Air India,2019-03-01,Banglore,New Delhi,10:30:00,11:20:00,1490,1.0,No Info,11528
Indigo,2019-06-03,Kolkata,Banglore,22:15:00,00:50:00,155,0.0,No Info,4804
Jet Airways,2019-05-18,Kolkata,Banglore,14:05:00,19:50:00,345,1.0,No Info,14781
Jet Airways,2019-06-06,Delhi,Cochin,06:45:00,04:25:00,1300,2.0,No Info,13376
Vistara,2019-03-18,Banglore,New Delhi,21:10:00,00:05:00,175,0.0,No Info,11598
Indigo,2019-03-09,Mumbai,Hyderabad,02:30:00,04:00:00,90,0.0,No Info,4784
Jet Airways,2019-06-24,Delhi,Cochin,02:15:00,12:35:00,620,1.0,In-flight meal not included,10262
Jet Airways,2019-05-15,Banglore,Delhi,11:10:00,14:05:00,175,0.0,No Info,7229
Jet Airways,2019-05-15,Kolkata,Banglore,18:55:00,16:20:00,1285,1.0,In-flight meal not included,10844
Jet Airways,2019-05-18,Delhi,Cochin,10:00:00,04:25:00,1105,1.0,In-flight meal not included,12373
Jet Airways,2019-06-06,Delhi,Cochin,19:15:00,04:25:00,550,1.0,In-flight meal not included,10262
Jet Airways,2019-05-12,Kolkata,Banglore,16:30:00,22:35:00,365,1.0,In-flight meal not included,10844
Air India,2019-05-06,Kolkata,Banglore,12:00:00,18:30:00,1830,2.0,No Info,10151
Spicejet,2019-03-21,Mumbai,Hyderabad,22:45:00,00:10:00,85,0.0,No Info,1759
Indigo,2019-06-09,Delhi,Cochin,05:05:00,16:10:00,665,1.0,No Info,6600
Spicejet,2019-05-24,Banglore,Delhi,21:10:00,00:05:00,175,0.0,No check-in baggage included,3919
Air India,2019-06-27,Delhi,Cochin,10:55:00,19:15:00,500,2.0,No Info,11753
Jet Airways,2019-06-27,Delhi,Cochin,14:00:00,19:00:00,300,1.0,No Info,14714
Jet Airways,2019-04-18,Banglore,Delhi,15:15:00,18:10:00,175,0.0,No Info,7229
Indigo,2019-03-03,Delhi,Cochin,06:40:00,16:10:00,570,1.0,No Info,9027
Jet Airways,2019-05-21,Delhi,Cochin,21:50:00,19:00:00,1270,1.0,In-flight meal not included,12898
Indigo,2019-06-12,Delhi,Cochin,17:05:00,22:25:00,320,1.0,No Info,6147
Jet Airways,2019-05-18,Kolkata,Banglore,14:05:00,12:00:00,1315,1.0,No Info,14388
Jet Airways,2019-05-27,Delhi,Cochin,22:50:00,19:00:00,1210,1.0,In-flight meal not included,12898
Multiple Carriers,2019-06-03,Delhi,Cochin,10:00:00,01:30:00,930,1.0,No Info,9508
Spicejet,2019-03-09,Banglore,New Delhi,05:45:00,08:35:00,170,0.0,No Info,7110
Jet Airways,2019-06-12,Kolkata,Banglore,18:55:00,08:15:00,800,1.0,No Info,13044
Jet Airways,2019-06-15,Banglore,Delhi,18:55:00,22:00:00,185,0.0,In-flight meal not included,7229
Air India,2019-04-03,Mumbai,Hyderabad,19:30:00,20:45:00,75,0.0,No Info,2050
Indigo,2019-06-12,Delhi,Cochin,17:10:00,01:30:00,500,1.0,No Info,5883
Multiple Carriers,2019-05-15,Delhi,Cochin,13:00:00,01:30:00,750,1.0,No Info,13727
Indigo,2019-03-03,Banglore,New Delhi,13:40:00,18:35:00,295,1.0,No Info,8662
Jet Airways,2019-03-27,Delhi,Cochin,02:15:00,04:25:00,1570,1.0,No Info,12242
Indigo,2019-03-24,Banglore,New Delhi,06:00:00,08:45:00,165,0.0,No Info,4777
Jet Airways,2019-06-06,Kolkata,Banglore,20:25:00,09:45:00,800,1.0,No Info,12692
Jet Airways,2019-03-01,Banglore,New Delhi,08:00:00,13:15:00,315,1.0,No Info,22270
Air India,2019-05-21,Delhi,Cochin,14:05:00,17:55:00,230,0.0,No Info,6094
Jet Airways,2019-05-21,Delhi,Cochin,18:15:00,19:00:00,1485,1.0,No Info,16079
Jet Airways,2019-03-06,Banglore,New Delhi,11:40:00,18:25:00,405,1.0,No Info,19225
Jet Airways,2019-03-21,Banglore,New Delhi,20:35:00,10:25:00,830,1.0,In-flight meal not included,7832
Spicejet,2019-06-12,Kolkata,Banglore,22:20:00,00:40:00,140,0.0,No Info,3873
Jet Airways,2019-06-09,Delhi,Cochin,19:15:00,19:00:00,1425,1.0,In-flight meal not included,10577
Multiple Carriers,2019-05-27,Delhi,Cochin,07:30:00,19:00:00,690,1.0,No Info,9315
Jet Airways,2019-05-15,Kolkata,Banglore,18:55:00,20:45:00,1550,1.0,In-flight meal not included,10844
Indigo,2019-06-06,Chennai,Kolkata,22:05:00,00:25:00,140,0.0,No Info,5277
Jet Airways,2019-03-01,Banglore,New Delhi,22:50:00,00:45:00,1555,1.0,No Info,26890
Spicejet,2019-06-21,Kolkata,Banglore,06:55:00,09:30:00,155,0.0,No Info,3873
Jet Airways,2019-05-15,Kolkata,Banglore,08:25:00,18:15:00,590,1.0,In-flight meal not included,10844
Jet Airways,2019-06-06,Kolkata,Banglore,14:05:00,20:45:00,400,1.0,In-flight meal not included,10844
Spicejet,2019-05-24,Kolkata,Banglore,17:10:00,19:40:00,150,0.0,No check-in baggage included,3841
Jet Airways,2019-06-06,Mumbai,Hyderabad,10:20:00,11:50:00,90,0.0,No Info,8040
Air India,2019-03-09,Delhi,Cochin,21:30:00,19:15:00,1305,2.0,No Info,11762
Multiple Carriers,2019-06-09,Delhi,Cochin,09:00:00,21:00:00,720,1.0,No Info,7408
Multiple Carriers,2019-05-09,Delhi,Cochin,14:00:00,21:00:00,420,1.0,No Info,13727
Air India,2019-03-27,Delhi,Cochin,20:40:00,09:25:00,765,1.0,No Info,5117
Indigo,2019-03-12,Chennai,Kolkata,13:20:00,15:35:00,135,0.0,No Info,6297
Jet Airways,2019-05-01,Kolkata,Banglore,20:00:00,04:40:00,520,1.0,In-flight meal not included,8586
Spicejet,2019-04-21,Kolkata,Banglore,22:20:00,00:40:00,140,0.0,No Info,4911
Air India,2019-06-09,Kolkata,Banglore,17:30:00,20:25:00,1615,1.0,No Info,10413
Jet Airways,2019-03-21,Delhi,Cochin,14:00:00,04:25:00,865,1.0,In-flight meal not included,7438
Multiple Carriers,2019-06-03,Delhi,Cochin,11:40:00,01:30:00,830,1.0,No Info,7530
Jet Airways,2019-06-09,Delhi,Cochin,13:00:00,12:35:00,1415,1.0,In-flight meal not included,10262
Spicejet,2019-06-01,Kolkata,Banglore,06:55:00,09:30:00,155,0.0,No Info,3873
Jet Airways,2019-06-03,Delhi,Cochin,21:50:00,04:25:00,395,1.0,In-flight meal not included,12898
Jet Airways,2019-03-09,Delhi,Cochin,18:15:00,18:50:00,1475,1.0,No Info,16289
Spicejet,2019-05-27,Banglore,Delhi,05:55:00,08:35:00,160,0.0,No Info,3311
Air Asia,2019-06-24,Delhi,Cochin,07:55:00,22:25:00,870,1.0,No Info,6152
Jet Airways,2019-05-18,Kolkata,Banglore,18:55:00,09:20:00,865,1.0,In-flight meal not included,9663
Jet Airways,2019-03-24,Kolkata,Banglore,19:45:00,04:45:00,540,1.0,In-flight meal not included,10031
Indigo,2019-05-21,Delhi,Cochin,08:35:00,18:10:00,575,1.0,No Info,6442
Multiple Carriers,2019-06-27,Delhi,Cochin,09:15:00,19:15:00,600,1.0,No Info,8099
Jet Airways,2019-04-09,Banglore,Delhi,08:20:00,11:20:00,180,0.0,No Info,7229
Jet Airways,2019-05-09,Delhi,Cochin,07:05:00,12:35:00,330,1.0,In-flight meal not included,12373
Jet Airways,2019-05-01,Kolkata,Banglore,09:35:00,09:45:00,1450,1.0,No Info,11467
Multiple Carriers,2019-05-27,Delhi,Cochin,13:00:00,21:00:00,480,1.0,No Info,13587
Jet Airways,2019-03-06,Delhi,Cochin,02:15:00,18:50:00,995,1.0,No Info,17024
Air India,2019-04-18,Kolkata,Banglore,14:15:00,16:45:00,150,0.0,No Info,5510
Air India,2019-06-21,Kolkata,Banglore,14:15:00,16:45:00,150,0.0,No Info,5510
Jet Airways,2019-05-12,Kolkata,Banglore,14:05:00,23:35:00,570,1.0,No Info,14781
Multiple Carriers,2019-03-21,Delhi,Cochin,07:00:00,21:00:00,840,1.0,No Info,7618
Indigo,2019-06-09,Banglore,Delhi,18:55:00,21:50:00,175,0.0,No Info,4823
Multiple Carriers,2019-04-09,Delhi,Cochin,08:45:00,19:15:00,630,1.0,No Info,8371
Spicejet,2019-06-24,Delhi,Cochin,08:45:00,13:15:00,270,1.0,No check-in baggage included,4760
Multiple Carriers,2019-05-21,Delhi,Cochin,06:00:00,12:35:00,395,1.0,No Info,9794
Jet Airways,2019-03-12,Banglore,New Delhi,22:55:00,09:30:00,635,1.0,No Info,13817
Spicejet,2019-04-15,Banglore,Delhi,05:55:00,08:35:00,160,0.0,No Info,4423
Indigo,2019-05-24,Kolkata,Banglore,11:30:00,14:05:00,155,0.0,No Info,5224
Vistara,2019-04-01,Kolkata,Banglore,17:00:00,09:05:00,965,1.0,No Info,8662
Spicejet,2019-03-24,Kolkata,Banglore,11:15:00,18:15:00,420,1.0,No Info,12287
Jet Airways,2019-06-01,Delhi,Cochin,20:00:00,04:25:00,505,2.0,No Info,16263
Jet Airways,2019-03-18,Banglore,New Delhi,18:40:00,07:40:00,780,1.0,No Info,12284
Multiple Carriers,2019-03-21,Delhi,Cochin,08:25:00,19:15:00,650,1.0,No Info,8601
Indigo,2019-05-09,Kolkata,Banglore,09:20:00,14:15:00,295,1.0,No Info,11465
Multiple Carriers,2019-03-06,Delhi,Cochin,07:30:00,18:50:00,680,1.0,No Info,15411
Jet Airways,2019-06-06,Kolkata,Banglore,17:00:00,10:55:00,1075,1.0,No Info,12692
Multiple Carriers,2019-04-09,Delhi,Cochin,17:45:00,01:30:00,465,1.0,No Info,8535
Jet Airways,2019-05-01,Kolkata,Banglore,20:00:00,10:05:00,845,1.0,No Info,13941
Indigo,2019-06-24,Banglore,Delhi,01:30:00,04:15:00,165,0.0,No Info,3943
Air India,2019-03-03,Banglore,New Delhi,13:20:00,16:10:00,170,0.0,No Info,12841
Goair,2019-05-06,Banglore,Delhi,11:40:00,14:30:00,170,0.0,No Info,3398
Jet Airways,2019-05-27,Delhi,Cochin,21:50:00,04:25:00,395,1.0,No Info,16079
Goair,2019-06-12,Banglore,Delhi,20:55:00,23:40:00,165,0.0,No Info,3419
Air Asia,2019-05-21,Delhi,Cochin,07:55:00,22:30:00,875,1.0,No Info,6152
Multiple Carriers,2019-05-09,Delhi,Cochin,11:30:00,01:30:00,840,1.0,No Info,15078
Air India,2019-03-06,Mumbai,Hyderabad,09:40:00,15:15:00,1775,2.0,No Info,25139
Indigo,2019-06-06,Delhi,Cochin,16:10:00,22:30:00,380,1.0,No Info,6938
Multiple Carriers,2019-05-21,Delhi,Cochin,06:00:00,21:00:00,900,1.0,No Info,7485
Indigo,2019-03-18,Kolkata,Banglore,15:20:00,17:55:00,155,0.0,No Info,4462
Indigo,2019-06-09,Kolkata,Banglore,19:20:00,23:45:00,265,1.0,No Info,4205
Air India,2019-03-15,Banglore,New Delhi,10:30:00,11:20:00,1490,1.0,No Info,7013
Multiple Carriers,2019-03-27,Delhi,Cochin,07:05:00,15:30:00,505,1.0,No Info,12537
Indigo,2019-05-15,Mumbai,Hyderabad,21:20:00,22:50:00,90,0.0,No Info,2227
Indigo,2019-06-09,Delhi,Cochin,10:35:00,21:00:00,625,1.0,No Info,6314
Multiple Carriers,2019-06-03,Delhi,Cochin,12:50:00,21:00:00,490,1.0,No Info,7740
Jet Airways,2019-06-03,Delhi,Cochin,17:30:00,19:00:00,1530,1.0,No Info,14714
Jet Airways,2019-06-12,Kolkata,Banglore,09:35:00,21:05:00,690,1.0,No Info,12692
Jet Airways,2019-05-09,Kolkata,Banglore,14:05:00,19:50:00,345,1.0,No Info,14781
Goair,2019-06-27,Delhi,Cochin,10:35:00,19:35:00,540,1.0,No Info,3948
Air India,2019-05-18,Kolkata,Banglore,05:50:00,20:25:00,875,2.0,No Info,12093
Air India,2019-05-09,Delhi,Cochin,17:15:00,07:40:00,865,2.0,No Info,13039
Jet Airways,2019-03-09,Delhi,Cochin,19:45:00,18:50:00,1385,1.0,No Info,16289
Jet Airways,2019-06-24,Delhi,Cochin,20:00:00,04:25:00,505,2.0,In-flight meal not included,12410
Multiple Carriers,2019-03-06,Delhi,Cochin,08:55:00,15:30:00,395,1.0,No Info,15147
Indigo,2019-06-12,Banglore,Delhi,18:55:00,21:50:00,175,0.0,No Info,4823
Multiple Carriers ,2019-03-21,Delhi,Cochin,06:00:00,15:30:00,570,1.0,No Info,11269
Jet Airways,2019-06-06,Kolkata,Banglore,09:35:00,19:10:00,575,1.0,In-flight meal not included,13469
Jet Airways,2019-03-06,Banglore,New Delhi,11:40:00,11:25:00,1425,1.0,No Info,17261
Air Asia,2019-06-03,Delhi,Cochin,20:45:00,06:35:00,590,1.0,No Info,11410
Jet Airways,2019-03-06,Delhi,Cochin,07:05:00,18:50:00,705,1.0,No Info,17234
Spicejet,2019-06-03,Banglore,Delhi,09:30:00,12:20:00,170,0.0,No check-in baggage included,3919
Air India,2019-04-03,Kolkata,Banglore,19:00:00,11:05:00,965,1.0,No Info,4227
Indigo,2019-05-12,Banglore,Delhi,18:25:00,21:20:00,175,0.0,No Info,4823
Multiple Carriers,2019-06-27,Delhi,Cochin,06:00:00,19:00:00,780,1.0,In-flight meal not included,10791
Air India,2019-03-24,Kolkata,Banglore,09:25:00,05:35:00,1210,2.0,No Info,13349
Multiple Carriers,2019-06-12,Delhi,Cochin,13:00:00,21:00:00,480,1.0,No Info,7408
Air India,2019-06-01,Delhi,Cochin,10:55:00,19:15:00,500,2.0,No Info,13013
Multiple Carriers,2019-05-27,Delhi,Cochin,13:00:00,21:00:00,480,1.0,No Info,7408
Spicejet,2019-06-18,Mumbai,Hyderabad,22:45:00,00:15:00,90,0.0,No Info,2017
Air India,2019-04-27,Delhi,Cochin,14:10:00,17:10:00,180,0.0,No Info,6094
Air India,2019-06-21,Delhi,Cochin,18:05:00,21:10:00,185,0.0,No Info,5411
Spicejet,2019-05-21,Banglore,Delhi,05:55:00,08:35:00,160,0.0,No check-in baggage included,3257
Multiple Carriers,2019-06-03,Delhi,Cochin,07:30:00,19:15:00,705,1.0,No Info,9736
Jet Airways,2019-03-21,Delhi,Cochin,15:00:00,18:50:00,1670,1.0,No Info,12767
Indigo,2019-05-18,Delhi,Cochin,07:35:00,22:30:00,895,1.0,No Info,7144
Jet Airways,2019-03-09,Delhi,Cochin,19:45:00,18:50:00,1385,1.0,In-flight meal not included,14053
Multiple Carriers,2019-06-12,Delhi,Cochin,17:45:00,01:30:00,465,1.0,No Info,6795
Air India,2019-05-24,Mumbai,Hyderabad,19:30:00,20:45:00,75,0.0,No Info,3625
Multiple Carriers,2019-06-09,Delhi,Cochin,09:15:00,19:00:00,585,1.0,No Info,11622
Indigo,2019-03-18,Kolkata,Banglore,09:35:00,12:20:00,165,0.0,No Info,4462
Jet Airways,2019-06-12,Kolkata,Banglore,09:35:00,19:10:00,575,1.0,No Info,12692
Air India,2019-06-27,Delhi,Cochin,13:00:00,19:15:00,375,1.0,No Info,8372
Multiple Carriers,2019-05-09,Delhi,Cochin,10:35:00,19:15:00,520,1.0,No Info,7575
Goair,2019-03-18,Banglore,New Delhi,11:40:00,14:35:00,175,0.0,No Info,4340
Indigo,2019-06-03,Chennai,Kolkata,13:15:00,15:35:00,140,0.0,No Info,3597
Multiple Carriers,2019-03-21,Delhi,Cochin,07:10:00,16:10:00,540,1.0,In-flight meal not included,5999
Spicejet,2019-05-24,Kolkata,Banglore,22:20:00,00:40:00,140,0.0,No check-in baggage included,3841
Jet Airways,2019-03-27,Mumbai,Hyderabad,15:50:00,17:20:00,90,0.0,No Info,5678
Jet Airways,2019-05-24,Kolkata,Banglore,21:10:00,12:00:00,890,1.0,In-flight meal not included,9663
Jet Airways,2019-06-27,Delhi,Cochin,05:30:00,19:00:00,810,2.0,In-flight meal not included,11507
Air India,2019-04-01,Kolkata,Banglore,12:00:00,18:30:00,1830,2.0,No Info,9258
Multiple Carriers,2019-06-12,Delhi,Cochin,04:55:00,19:00:00,845,1.0,No Info,10678
Indigo,2019-05-18,Banglore,Delhi,08:30:00,11:20:00,170,0.0,No Info,4823
Jet Airways,2019-06-15,Banglore,Delhi,11:10:00,14:05:00,175,0.0,No Info,8016
Jet Airways,2019-03-24,Kolkata,Banglore,18:55:00,18:10:00,1395,1.0,No Info,14231
Jet Airways,2019-05-21,Kolkata,Banglore,21:10:00,09:20:00,730,1.0,No Info,14781
Indigo,2019-06-12,Delhi,Cochin,08:30:00,21:00:00,750,1.0,No Info,6093
Jet Airways,2019-05-09,Mumbai,Hyderabad,19:35:00,21:05:00,90,0.0,In-flight meal not included,2759
Multiple Carriers,2019-05-21,Delhi,Cochin,12:50:00,01:30:00,760,1.0,No Info,7485
Vistara,2019-06-09,Kolkata,Banglore,07:10:00,18:50:00,700,1.0,No Info,9555
Spicejet,2019-05-15,Kolkata,Banglore,06:55:00,09:30:00,155,0.0,No check-in baggage included,3841
Jet Airways,2019-06-12,Delhi,Cochin,02:15:00,12:35:00,620,1.0,No Info,18371
Jet Airways,2019-04-01,Kolkata,Banglore,06:30:00,09:20:00,1610,1.0,In-flight meal not included,7064
Jet Airways,2019-03-24,Kolkata,Banglore,06:30:00,22:35:00,965,1.0,In-flight meal not included,8824
Spicejet,2019-03-27,Chennai,Kolkata,08:20:00,10:35:00,135,0.0,No Info,3384
Air India,2019-06-09,Kolkata,Banglore,07:00:00,01:20:00,1100,2.0,No Info,13033
Indigo,2019-06-21,Chennai,Kolkata,05:15:00,07:40:00,145,0.0,No Info,3540
Jet Airways,2019-06-09,Kolkata,Banglore,08:25:00,19:50:00,685,1.0,In-flight meal not included,10844
Multiple Carriers,2019-03-06,Delhi,Cochin,07:05:00,15:30:00,505,1.0,No Info,17267
Spicejet,2019-06-06,Banglore,Delhi,09:30:00,12:20:00,170,0.0,No check-in baggage included,3919
Jet Airways,2019-03-06,Banglore,New Delhi,14:05:00,11:25:00,1280,1.0,No Info,15025
Jet Airways,2019-06-06,Banglore,Delhi,07:10:00,10:10:00,180,0.0,No Info,8016
Jet Airways,2019-04-01,Kolkata,Banglore,14:05:00,19:50:00,345,1.0,No Info,13364
Air India,2019-05-12,Mumbai,Hyderabad,19:30:00,20:45:00,75,0.0,No Info,3625
Indigo,2019-03-03,Banglore,New Delhi,08:30:00,11:30:00,180,0.0,No Info,6860
Indigo,2019-04-27,Kolkata,Banglore,15:30:00,18:05:00,155,0.0,No Info,4804
Jet Airways,2019-06-03,Delhi,Cochin,13:00:00,19:00:00,360,1.0,No Info,14714
Jet Airways,2019-06-18,Mumbai,Hyderabad,19:35:00,21:05:00,90,0.0,In-flight meal not included,3210
Jet Airways,2019-05-12,Kolkata,Banglore,06:30:00,19:50:00,800,1.0,No Info,13941
Jet Airways,2019-06-12,Delhi,Cochin,22:50:00,19:00:00,1210,1.0,In-flight meal not included,10262
Vistara,2019-03-09,Banglore,New Delhi,09:50:00,12:35:00,165,0.0,No Info,7240
Spicejet,2019-04-21,Kolkata,Banglore,22:20:00,00:40:00,140,0.0,No check-in baggage included,4807
Jet Airways,2019-05-12,Kolkata,Banglore,21:10:00,18:15:00,1265,1.0,In-flight meal not included,10844
Jet Airways,2019-06-09,Kolkata,Banglore,20:00:00,16:20:00,1220,1.0,In-flight meal not included,10844
Jet Airways,2019-05-27,Delhi,Cochin,13:00:00,04:25:00,925,1.0,In-flight meal not included,12898
Jet Airways,2019-05-12,Banglore,Delhi,08:20:00,11:20:00,180,0.0,No Info,7229
Jet Airways,2019-05-21,Kolkata,Banglore,10:20:00,17:35:00,435,1.0,No Info,8355
Indigo,2019-05-27,Kolkata,Banglore,14:25:00,16:55:00,150,0.0,No Info,5224
Air Asia,2019-03-03,Kolkata,Banglore,19:35:00,22:05:00,150,0.0,No Info,5964
Indigo,2019-05-24,Banglore,Delhi,21:15:00,00:15:00,180,0.0,No Info,3943
Indigo,2019-04-27,Kolkata,Banglore,20:20:00,22:55:00,155,0.0,No Info,4804
Air India,2019-05-09,Kolkata,Banglore,20:45:00,23:20:00,155,0.0,No Info,4145
Multiple Carriers,2019-06-27,Delhi,Cochin,15:00:00,01:30:00,630,1.0,No Info,13377
Air India,2019-03-21,Kolkata,Banglore,20:45:00,23:20:00,155,0.0,No Info,4435
Spicejet,2019-06-09,Chennai,Kolkata,17:45:00,20:05:00,140,0.0,No Info,3597
Air India,2019-06-24,Delhi,Cochin,09:00:00,19:15:00,615,1.0,No Info,9404
Air India,2019-05-21,Kolkata,Banglore,14:30:00,12:30:00,1320,2.0,No Info,15107
Jet Airways,2019-05-09,Banglore,Delhi,19:50:00,22:50:00,180,0.0,In-flight meal not included,3502
Spicejet,2019-04-12,Banglore,Delhi,21:10:00,00:05:00,175,0.0,No Info,5621
Air India,2019-06-27,Delhi,Cochin,13:15:00,09:25:00,1210,2.0,No Info,8839
Multiple Carriers,2019-05-09,Delhi,Cochin,13:00:00,21:00:00,480,1.0,No Info,8073
Jet Airways,2019-06-01,Delhi,Cochin,15:00:00,04:25:00,805,1.0,No Info,14714
Spicejet,2019-06-27,Chennai,Kolkata,08:20:00,10:35:00,135,0.0,No Info,3597
Multiple Carriers,2019-06-27,Delhi,Cochin,07:05:00,21:00:00,835,1.0,No Info,13587
Air India,2019-06-12,Delhi,Cochin,10:55:00,07:40:00,1245,2.0,No Info,11753
Jet Airways,2019-03-24,Mumbai,Hyderabad,15:50:00,17:20:00,90,0.0,In-flight meal not included,2228
Jet Airways,2019-05-15,Banglore,Delhi,17:45:00,20:45:00,180,0.0,No Info,7229
Spicejet,2019-05-24,Banglore,Delhi,09:30:00,12:20:00,170,0.0,No Info,3625
Jet Airways,2019-05-01,Kolkata,Banglore,17:00:00,23:35:00,395,1.0,In-flight meal not included,12384
Jet Airways,2019-03-15,Banglore,New Delhi,21:25:00,05:05:00,460,1.0,No Info,27210
Jet Airways,2019-04-01,Kolkata,Banglore,09:35:00,18:00:00,505,1.0,No Info,11467
Jet Airways,2019-05-01,Kolkata,Banglore,17:00:00,19:10:00,1570,1.0,In-flight meal not included,9314
Air India,2019-05-24,Kolkata,Banglore,17:30:00,20:25:00,1615,1.0,No Info,10623
Air India,2019-06-09,Kolkata,Banglore,10:00:00,05:25:00,1165,2.0,No Info,12744
Air India,2019-03-27,Delhi,Cochin,07:00:00,19:15:00,735,2.0,No Info,10913
Jet Airways,2019-06-12,Kolkata,Banglore,09:35:00,19:10:00,575,1.0,In-flight meal not included,10539
Goair,2019-05-12,Banglore,Delhi,07:45:00,10:40:00,175,0.0,No Info,3898
Jet Airways,2019-05-21,Kolkata,Banglore,09:35:00,19:10:00,575,1.0,In-flight meal not included,12384
Air India,2019-06-06,Mumbai,Hyderabad,06:20:00,07:40:00,80,0.0,No Info,3100
Jet Airways,2019-06-09,Delhi,Cochin,20:55:00,19:00:00,1325,1.0,In-flight meal not included,10577
Indigo,2019-05-15,Delhi,Cochin,23:30:00,04:35:00,305,1.0,No Info,10123
Indigo,2019-06-27,Delhi,Cochin,07:30:00,21:00:00,810,1.0,No Info,6093
Air India,2019-05-09,Kolkata,Banglore,16:50:00,05:35:00,765,2.0,No Info,11432
Jet Airways,2019-05-01,Kolkata,Banglore,20:25:00,22:05:00,1540,1.0,No Info,14151
Multiple Carriers,2019-06-12,Delhi,Cochin,17:50:00,01:30:00,460,2.0,No Info,18275
Jet Airways,2019-03-12,Banglore,New Delhi,18:55:00,09:30:00,875,1.0,In-flight meal not included,11087
Vistara,2019-06-06,Kolkata,Banglore,07:10:00,09:05:00,1555,1.0,No Info,8452
Jet Airways,2019-06-18,Banglore,Delhi,07:10:00,10:10:00,180,0.0,No Info,8016
Multiple Carriers,2019-06-01,Delhi,Cochin,17:30:00,01:30:00,480,1.0,No Info,13377
Air India,2019-03-03,Banglore,New Delhi,07:30:00,10:50:00,1640,2.0,No Info,12074
Air India,2019-05-09,Kolkata,Banglore,09:25:00,05:25:00,1200,2.0,No Info,14687
Jet Airways,2019-03-21,Delhi,Cochin,09:40:00,18:50:00,550,2.0,No Info,11702
Jet Airways,2019-05-21,Kolkata,Banglore,21:10:00,16:20:00,1150,1.0,In-flight meal not included,10844
Jet Airways,2019-04-01,Kolkata,Banglore,09:35:00,19:10:00,575,1.0,In-flight meal not included,9314
Indigo,2019-06-12,Banglore,Delhi,23:30:00,02:20:00,170,0.0,No Info,3943
Jet Airways,2019-06-06,Kolkata,Banglore,14:05:00,23:35:00,570,1.0,In-flight meal not included,10844
Jet Airways,2019-03-06,Delhi,Cochin,08:00:00,04:25:00,1225,1.0,No Info,15974
Indigo,2019-06-03,Delhi,Cochin,18:35:00,01:30:00,415,1.0,No Info,6628
Indigo,2019-05-24,Banglore,Delhi,08:30:00,11:20:00,170,0.0,No Info,4823
Jet Airways,2019-03-09,Delhi,Cochin,05:40:00,04:25:00,1365,2.0,In-flight meal not included,13764
Indigo,2019-05-06,Kolkata,Banglore,21:25:00,00:05:00,160,0.0,No Info,4804
Spicejet,2019-03-21,Chennai,Kolkata,08:20:00,10:35:00,135,0.0,No check-in baggage included,3332
Vistara,2019-06-27,Chennai,Kolkata,17:45:00,20:05:00,140,0.0,No Info,11982
Indigo,2019-06-01,Chennai,Kolkata,05:15:00,07:40:00,145,0.0,No Info,3540
Multiple Carriers,2019-06-15,Delhi,Cochin,08:30:00,19:15:00,645,1.0,No Info,8937
Jet Airways,2019-03-24,Kolkata,Banglore,21:10:00,10:05:00,775,1.0,In-flight meal not included,12446
Multiple Carriers,2019-05-15,Delhi,Cochin,17:30:00,01:30:00,480,1.0,No Info,13727
Multiple Carriers,2019-06-03,Delhi,Cochin,09:45:00,22:30:00,765,1.0,No Info,9646
Indigo,2019-05-12,Kolkata,Banglore,18:05:00,23:30:00,325,1.0,No Info,6218
Air India,2019-03-03,Delhi,Cochin,08:00:00,19:15:00,675,1.0,No Info,15197
Jet Airways,2019-03-06,Banglore,New Delhi,08:55:00,23:00:00,845,1.0,No Info,16736
Jet Airways,2019-03-06,Banglore,New Delhi,08:00:00,19:10:00,670,1.0,No Info,16736
Goair,2019-06-09,Banglore,Delhi,20:55:00,23:40:00,165,0.0,No Info,3898
Vistara,2019-04-27,Banglore,Delhi,11:30:00,14:20:00,170,0.0,No Info,5403
Jet Airways,2019-06-12,Delhi,Cochin,20:55:00,19:00:00,1325,1.0,In-flight meal not included,10262
Vistara,2019-05-15,Kolkata,Banglore,20:20:00,22:40:00,1580,1.0,No Info,8452
Jet Airways,2019-06-09,Kolkata,Banglore,08:25:00,20:45:00,740,1.0,In-flight meal not included,10844
Jet Airways,2019-05-27,Delhi,Cochin,23:05:00,04:25:00,1760,2.0,No Info,16704
Jet Airways,2019-05-18,Banglore,Delhi,11:10:00,14:05:00,175,0.0,In-flight meal not included,5198
Jet Airways,2019-05-21,Delhi,Cochin,19:45:00,04:25:00,520,1.0,In-flight meal not included,12898
Air India,2019-03-01,Banglore,New Delhi,05:50:00,11:20:00,1770,4.0,Change airports,17686
Air India,2019-03-15,Banglore,New Delhi,13:50:00,22:10:00,500,1.0,No Info,9166
Air India,2019-06-12,Kolkata,Banglore,20:45:00,23:20:00,155,0.0,No Info,4145
Spicejet,2019-06-03,Chennai,Kolkata,08:20:00,10:35:00,135,0.0,No Info,3597
Indigo,2019-04-24,Banglore,Delhi,18:55:00,21:50:00,175,0.0,No Info,4823
Jet Airways,2019-05-21,Delhi,Cochin,11:30:00,12:35:00,1505,1.0,In-flight meal not included,12898
Jet Airways,2019-06-06,Delhi,Cochin,11:40:00,19:00:00,440,2.0,No Info,18804
Jet Airways,2019-06-12,Kolkata,Banglore,18:55:00,12:00:00,1025,1.0,In-flight meal not included,8529
Vistara,2019-06-09,Banglore,Delhi,21:00:00,23:50:00,170,0.0,No Info,4668
Air India,2019-03-27,Delhi,Cochin,05:10:00,08:00:00,170,0.0,No Info,4729
Jet Airways,2019-03-12,Banglore,New Delhi,21:25:00,10:45:00,800,1.0,No Info,13817
Indigo,2019-05-18,Chennai,Kolkata,15:40:00,18:25:00,165,0.0,No Info,3850
Jet Airways,2019-06-06,Kolkata,Banglore,08:25:00,18:15:00,590,1.0,No Info,14571
Vistara,2019-04-01,Kolkata,Banglore,20:20:00,10:45:00,865,1.0,No Info,8505
Multiple Carriers,2019-05-27,Delhi,Cochin,07:30:00,19:15:00,705,1.0,No Info,10786
Jet Airways,2019-05-21,Banglore,Delhi,18:55:00,22:00:00,185,0.0,In-flight meal not included,4030
Jet Airways,2019-03-24,Kolkata,Banglore,06:30:00,12:00:00,330,1.0,In-flight meal not included,7826
Multiple Carriers,2019-03-09,Delhi,Cochin,02:15:00,12:55:00,640,1.0,In-flight meal not included,18260
Jet Airways,2019-05-18,Banglore,Delhi,07:10:00,10:10:00,180,0.0,In-flight meal not included,5198
Spicejet,2019-05-27,Banglore,Delhi,09:30:00,12:20:00,170,0.0,No check-in baggage included,3573
Multiple Carriers,2019-05-18,Delhi,Cochin,13:00:00,01:30:00,750,1.0,No Info,9385
Indigo,2019-06-03,Delhi,Cochin,08:30:00,21:00:00,750,1.0,No Info,6416
Jet Airways,2019-05-18,Delhi,Cochin,20:55:00,04:25:00,450,1.0,In-flight meal not included,12373
Jet Airways,2019-05-21,Kolkata,Banglore,09:35:00,14:25:00,1730,1.0,No Info,11467
Jet Airways,2019-03-06,Banglore,New Delhi,14:05:00,00:45:00,640,1.0,In-flight meal not included,13502
Jet Airways,2019-06-09,Delhi,Cochin,17:30:00,19:00:00,1530,1.0,In-flight meal not included,10262
Multiple Carriers,2019-05-21,Delhi,Cochin,14:55:00,00:55:00,600,1.0,No Info,6878
Multiple Carriers,2019-03-06,Delhi,Cochin,11:35:00,21:00:00,565,3.0,No Info,21829
Jet Airways,2019-06-12,Kolkata,Banglore,14:05:00,09:20:00,1155,1.0,No Info,13044
Jet Airways,2019-06-09,Kolkata,Banglore,20:00:00,22:35:00,1595,1.0,In-flight meal not included,10844
Jet Airways,2019-03-21,Delhi,Cochin,08:00:00,04:25:00,1225,1.0,No Info,12767
Multiple Carriers,2019-03-06,Delhi,Cochin,17:30:00,01:35:00,485,1.0,No Info,17057
Vistara,2019-06-06,Banglore,Delhi,07:00:00,09:40:00,160,0.0,No Info,4668
Air India,2019-05-21,Kolkata,Banglore,16:45:00,08:55:00,970,2.0,No Info,14960
Jet Airways,2019-05-01,Kolkata,Banglore,17:00:00,18:00:00,1500,1.0,In-flight meal not included,9314
Jet Airways,2019-06-06,Kolkata,Banglore,09:35:00,09:45:00,1450,1.0,In-flight meal not included,10539
Jet Airways,2019-05-24,Kolkata,Banglore,20:25:00,18:00:00,1295,1.0,No Info,14151
Multiple Carriers,2019-06-06,Delhi,Cochin,08:00:00,19:00:00,660,1.0,No Info,12192
Multiple Carriers,2019-06-12,Delhi,Cochin,08:45:00,19:00:00,615,1.0,No Info,11789
Air Asia,2019-06-15,Banglore,Delhi,11:10:00,13:55:00,165,0.0,No Info,3383
Vistara,2019-03-24,Kolkata,Banglore,17:00:00,18:45:00,1545,1.0,No Info,13100
Jet Airways,2019-03-24,Kolkata,Banglore,08:25:00,04:45:00,1220,1.0,No Info,13759
Jet Airways,2019-03-06,Mumbai,Hyderabad,20:45:00,16:50:00,1205,1.0,No Info,19595
Jet Airways,2019-06-12,Delhi,Cochin,10:00:00,04:25:00,1105,1.0,In-flight meal not included,10262
Air India,2019-05-24,Kolkata,Banglore,16:50:00,13:45:00,1255,2.0,No Info,12802
Air Asia,2019-04-27,Delhi,Cochin,07:55:00,22:25:00,870,1.0,No Info,6451
Jet Airways,2019-06-06,Kolkata,Banglore,16:30:00,23:35:00,425,1.0,In-flight meal not included,10844
Indigo,2019-05-03,Kolkata,Banglore,15:30:00,18:05:00,155,0.0,No Info,4804
Air India,2019-03-12,Mumbai,Hyderabad,21:00:00,19:25:00,1345,1.0,No Info,10943
Indigo,2019-06-21,Banglore,Delhi,19:30:00,22:15:00,165,0.0,No Info,5780
Indigo,2019-03-01,Chennai,Kolkata,05:15:00,07:35:00,140,0.0,No Info,7295
Air India,2019-04-24,Kolkata,Banglore,20:45:00,23:20:00,155,0.0,No Info,4145
Jet Airways,2019-06-12,Delhi,Cochin,19:30:00,04:25:00,535,2.0,No Info,13014
Jet Airways,2019-03-15,Banglore,New Delhi,05:50:00,12:20:00,390,1.0,In-flight meal not included,5853
Vistara,2019-05-24,Chennai,Kolkata,17:45:00,20:05:00,140,0.0,No Info,11982
Indigo,2019-05-12,Banglore,Delhi,18:55:00,21:50:00,175,0.0,No Info,4823
Multiple Carriers,2019-03-03,Delhi,Cochin,07:00:00,15:30:00,510,1.0,No Info,15603
Jet Airways,2019-03-21,Banglore,New Delhi,08:55:00,21:20:00,745,1.0,In-flight meal not included,7832
Jet Airways,2019-06-09,Banglore,Delhi,08:20:00,11:20:00,180,0.0,In-flight meal not included,7229
Jet Airways,2019-06-15,Delhi,Cochin,13:00:00,19:00:00,360,1.0,In-flight meal not included,10262
Air India,2019-03-21,Banglore,New Delhi,08:15:00,08:50:00,1475,1.0,No Info,4943
Spicejet,2019-03-01,Kolkata,Banglore,17:15:00,19:45:00,150,0.0,No Info,5515
Jet Airways,2019-03-06,Banglore,New Delhi,22:50:00,10:25:00,695,1.0,No Info,17261
Spicejet,2019-05-09,Chennai,Kolkata,08:20:00,10:35:00,135,0.0,No Info,3911
Indigo,2019-03-27,Delhi,Cochin,10:45:00,21:00:00,615,1.0,No Info,6838
Jet Airways,2019-05-06,Kolkata,Banglore,16:30:00,04:40:00,730,1.0,No Info,13941
Spicejet,2019-05-15,Delhi,Cochin,17:55:00,22:50:00,295,1.0,No Info,5409
Air India,2019-03-18,Kolkata,Banglore,14:15:00,16:45:00,150,0.0,No Info,5170
Indigo,2019-03-06,Delhi,Cochin,08:35:00,21:20:00,765,2.0,No Info,7682
Vistara,2019-03-24,Banglore,New Delhi,07:00:00,09:40:00,160,0.0,No Info,5403
Jet Airways,2019-05-21,Kolkata,Banglore,20:00:00,12:00:00,960,1.0,No Info,14781
Indigo,2019-04-12,Kolkata,Banglore,20:20:00,22:55:00,155,0.0,No Info,4488
Jet Airways,2019-03-21,Mumbai,Hyderabad,03:05:00,04:25:00,80,0.0,In-flight meal not included,2759
Jet Airways,2019-03-27,Delhi,Cochin,11:30:00,04:25:00,1015,1.0,In-flight meal not included,6017
Air Asia,2019-04-03,Kolkata,Banglore,10:20:00,12:55:00,155,0.0,No Info,4107
Indigo,2019-03-06,Delhi,Cochin,08:25:00,21:00:00,755,1.0,No Info,14871
Vistara,2019-03-06,Mumbai,Hyderabad,20:55:00,22:55:00,1560,1.0,No Info,12395
Jet Airways,2019-06-06,Delhi,Cochin,09:00:00,19:00:00,600,1.0,No Info,14714
Jet Airways,2019-05-01,Kolkata,Banglore,17:00:00,10:55:00,1075,1.0,No Info,12121
Indigo,2019-03-27,Delhi,Cochin,04:55:00,12:00:00,425,1.0,No Info,6171
Multiple Carriers,2019-05-09,Delhi,Cochin,07:30:00,19:15:00,705,1.0,No Info,8266
Jet Airways,2019-04-18,Banglore,Delhi,11:10:00,14:05:00,175,0.0,No Info,7229
Air Asia,2019-03-01,Kolkata,Banglore,19:35:00,22:05:00,150,0.0,No Info,5964
Indigo,2019-03-27,Chennai,Kolkata,19:35:00,21:55:00,140,0.0,No Info,3858
Indigo,2019-03-27,Kolkata,Banglore,15:10:00,17:45:00,155,0.0,No Info,4148
Jet Airways,2019-05-27,Delhi,Cochin,16:00:00,19:00:00,1620,1.0,In-flight meal not included,12898
